設備編號,型式,縣市,行政區,設置區域描述,設置地點,取締項目,座標緯度,座標經度,拍攝方向,速限,管轄單位,備註
1,雷達,,,,國道一號南向2公里,超速,25.106857,121.724738,北往南,100,國道公路警一隊,
2,雷達,,,,國道一號南向13.7公里,超速,25.066725,121.624945,北往南,100,國道公路警一隊,
3,雷達,,,,國道一號南向22.7公里,超速,25.07305,121.536862,北往南,100,國道公路警一隊,
4,雷達,,,,國道一號南向26.8公里,超速,25.04396,121.30055,北往南,100,國道公路警一隊,
5,雷達,,,,國道一號南向30公里,超速,25.075938,121.466354,北往南,100,國道公路警一隊,
6,雷達,,,,國道一號南向34.4公里,超速,25.067222,121.424368,北往南,50,國道公路警一隊,
7,雷達,,,,國道一號南向35.56公里,超速,25.03426,121.24545,北往南,100,國道公路警一隊,
8,雷達,,,,國道一號南向51.195公里,超速,25.01288,121.16468,北往南,100,國道公路警一隊,
9,雷達,,,,國道一號南向60.1公里,超速,24.970357,121.216665,北往南,100,國道公路警一隊,
10,雷達,,,,國道一號南向68公里,超速,24.55043,121.10031,北往南,100,國道公路警一隊,
11,雷達,,,,國道一號南向78.2公里,超速,24.884719,121.082151,北往南,100,國道公路警二隊,
12,雷達,,,,國道一號南向81.8公里,超速,24.876605,121.048805,北往南,100,國道公路警二隊,
13,雷達,,,,國道一號南向86.5公里,超速,24.859917,121.010661,北往南,100,國道公路警二隊,
14,雷達,,,,國道一號南向102.5公里,超速,24.736074,120.968521,北往南,100,國道公路警二隊,
15,雷達,,,,國道一號南向106公里,超速,24.725124,120.9376,北往南,100,國道公路警二隊,
16,雷達,,,,國道一號南向124公里,超速,24.592031,120.860444,北往南,100,國道公路警二隊,
17,雷達,,,,國道一號南向126.5公里,超速,24.570803,120.852749,北往南,100,國道公路警二隊,
18,雷達,,,,國道一號南向129.15公里,超速,24.551512,120.839355,北往南,100,國道公路警二隊,
19,雷達,,,,國道一號南向152.9公里,超速,24.37083,120.746455,北往南,100,國道公路警三隊,
20,雷達,,,,國道一號南向165.3公里,超速,24.273297,120.693088,北往南,110,國道公路警三隊,
21,雷達,,,,國道一號南向170.3公里,超速,24.228313,120.685159,北往南,110,國道公路警三隊,
22,雷達,,,,國道一號南向172.4公里,超速,24.214232,120.673167,北往南,110,國道公路警三隊,
23,雷達,,,,國道一號南向187.5公里,超速,24.113134,120.597491,北往南,110,國道公路警三隊,
24,雷達,,,,國道一號南向200.1公里,超速,24.053078,120.523776,北往南,110,國道公路警三隊,
25,雷達,,,,國道一號南向223.5公里,超速,23.844749,120.484221,北往南,110,國道公路警三隊,
26,雷達,,,,國道一號南向238.6公里,超速,23.712355,120.476085,北往南,110,國道公路警四隊,
27,雷達,,,,國道一號南向247.2公里,超速,23.641596,120.443773,北往南,110,國道公路警四隊,
28,雷達,,,,國道一號南向252.2公里,超速,23.597475,120.434351,北往南,110,國道公路警四隊,
29,雷達,,,,國道一號南向260.5公里,超速,23.527652,120.405818,北往南,110,國道公路警四隊,
30,雷達,,,,國道一號南向276.2公里,超速,23.397736,120.355248,北往南,110,國道公路警四隊,
31,雷達,,,,國道一號南向279公里,超速,23.373209,120.350715,北往南,110,國道公路警四隊,
32,雷達,,,,國道一號南向285.3公里,超速,23.334304,120.306842,北往南,110,國道公路警四隊,
33,雷達,,,,國道一號南向293.1公里,超速,23.27464,120.267327,北往南,110,國道公路警四隊,
34,雷達,,,,國道一號南向301.6公里,超速,23.204189,120.23653,北往南,110,國道公路警四隊,
35,雷達,,,,國道一號南向306.1公里,超速,23.16412,120.231495,北往南,110,國道公路警四隊,
36,雷達,,,,國道一號南向315.5公里,超速,23.082615,120.251739,北往南,110,國道公路警四隊,
37,雷達,,,,國道一號南向321.8公里,超速,23.026246,120.249296,北往南,110,國道公路警四隊,
38,雷達,,,,國道一號南向340.2公里,超速,22.867977,120.28468,北往南,110,國道公路警五隊,
39,雷達,,,,國道一號南向353.4公里,超速,22.7585,120.33219,北往南,110,國道公路警五隊,
40,雷達,,,,國道一號南向362.5公里,超速,22.677533,120.328733,北往南,100,國道公路警五隊,
41,雷達,,,,國道一號南向373.5公里,超速,22.585746,120.328357,北往南,60,國道公路警五隊,
42,雷達,,,,國道一號北向1.9公里,超速,25.107764,121.725338,南往北,100,國道公路警一隊,
43,雷達,,,,國道一號北向7.5公里,超速,25.085808,121.680708,南往北,100,國道公路警一隊,
44,雷達,,,,國道一號北向14.5公里,超速,25.065916,121.616437,南往北,100,國道公路警一隊,
45,雷達,,,,國道一號北向34.4公里,超速,25.066258,121.423881,南往北,50,國道公路警一隊,
46,雷達,,,,國道一號北向37公里,超速,25.055336,121.402562,南往北,100,國道公路警一隊,
47,雷達,,,,國道一號北向63.7公里,超速,24.945833,121.194772,南往北,100,國道公路警一隊,
48,雷達,,,,國道一號北向66.6公里,超速,24.55137,121.10067,南往北,100,國道公路警一隊,
49,雷達,,,,國道一號北向81.1公里,超速,24.875991,121.055756,南往北,100,國道公路警二隊,
50,雷達,,,,國道一號北向82.1公里,超速,24.876559,121.046089,南往北,100,國道公路警二隊,
51,雷達,,,,國道一號北向105.5公里,超速,24.726902,120.947318,南往北,100,國道公路警二隊,
52,雷達,,,,國道一號北向127.5公里,超速,24.564767,120.846212,南往北,100,國道公路警二隊,
53,雷達,,,,國道一號北向134.7公里,超速,24.511134,120.808679,南往北,100,國道公路警二隊,
54,雷達,,,,國道一號北向141.7公里,超速,24.462055,120.788041,南往北,100,國道公路警二隊,
55,雷達,,,,國道一號北向157.4公里,超速,24.337972,120.720331,南往北,110,國道公路警三隊,
56,雷達,,,,國道一號北向172.8公里,超速,24.211574,120.6691527,南往北,110,國道公路警三隊,
57,雷達,,,,國道一號北向188公里,超速,24.116181,120.59194,南往北,110,國道公路警三隊,
58,雷達,,,,國道一號北向224.9公里,超速,23.831925,120.484809,南往北,110,國道公路警三隊,
59,雷達,,,,國道一號北向233.4公里,超速,23.75788,120.467784,南往北,110,國道公路警四隊,
60,雷達,,,,國道一號北向246.8公里,超速,23.643088,120.444303,南往北,110,國道公路警四隊,
61,雷達,,,,國道一號北向254.1公里,超速,23.581107,120.428493,南往北,110,國道公路警四隊,
62,雷達,,,,國道一號北向261.7公里,超速,23.516769,120.404041,南往北,110,國道公路警四隊,
63,雷達,,,,國道一號北向277.3公里,超速,23.387621,120.355291,南往北,110,國道公路警四隊,
64,雷達,,,,國道一號北向292.5公里,超速,23.278519,120.271282,南往北,110,國道公路警四隊,
65,雷達,,,,國道一號北向301.5公里,超速,23.204871,120.236717,南往北,110,國道公路警四隊,
66,雷達,,,,國道一號北向309.1公里,超速,23.137454,120.234682,南往北,110,國道公路警四隊,
67,雷達,,,,國道一號北向323.4公里,超速,23.011912,120.249371,南往北,110,國道公路警四隊,
68,雷達,,,,國道一號北向334公里,超速,22.918658,120.260136,南往北,110,國道公路警四隊,
69,雷達,,,,國道一號北向336.7公里,超速,22.896294,120.270433,南往北,110,國道公路警四隊,
70,雷達,,,,國道一號北向353.3公里,超速,22.759114,120.332099,南往北,110,國道公路警五隊,
71,雷達,,,,國道一號北向373.4公里,超速,22.586142,120.329146,南往北,60,國道公路警五隊,
72,雷達,,,,國道一號汐五南向16.1公里,超速,25.064278,121.601444,北往南,100,國道公路警一隊,
73,雷達,,,,國道一號汐五南向29.5公里,超速,25.075502,121.471292,北往南,100,國道公路警一隊,
74,雷達,,,,國道一號汐五北向16公里,超速,25.063947,121.601696,南往北,100,國道公路警一隊,
75,雷達,,,,國道一號五楊南向44.6公里,超速,25.060703,121.332635,北往南,100,國道公路警一隊,
76,雷達,,,,國道一號五楊北向38.8公里,超速,25.065003,121.383882,南往北,100,國道公路警一隊,
77,雷達,,,,國道一號五楊北向64.3公里,超速,24.941028,121.193528,南往北,100,國道公路警一隊,
78,雷達,,,,國道二號西向2公里,超速,25.049833,121.217197,東往西,100,國道公路警一隊,
79,雷達,,,,國道二號西向6.4公里,超速,25.028276,121.251802,東往西,100,國道公路警一隊,
80,雷達,,,,國道二號東向2.4公里,超速,25.046332,121.218629,西往東,100,國道公路警一隊,
81,雷達,,,,國道二號東向11.8公里,超速,24.99567,121.282975,西往東,100,國道公路警六隊,
82,雷達,,,,國道二號東向18.5公里,超速,24.959269,121.324863,西往東,100,國道公路警六隊,
83,雷達,,,,國道三號南向4.7公里,超速,25.110235,121.68526,北往南,90,國道公路警九隊,
84,雷達,,,,國道三號南向21.8公里,超速,24.992198,121.592632,北往南,90,國道公路警九隊,
85,雷達,,,,國道三號南向24.6公里,超速,24.976428,121.574297,北往南,90,國道公路警九隊,
86,雷達,,,,國道三號南向39.3公里,超速,24.975257,121.456281,北往南,100,國道公路警六隊,
87,雷達,,,,國道三號南向64.2公里,超速,24.881098,121.255459,北往南,110,國道公路警六隊,
88,雷達,,,,國道三號南向81.5公里,超速,24.807201,121.149866,北往南,110,國道公路警六隊,
89,雷達,,,,國道三號南向90.2公里,超速,24.76711,121.081475,北往南,110,國道公路警六隊,
90,雷達,,,,國道三號南向107.4公里,超速,24.746012,120.925391,北往南,110,國道公路警六隊,
91,雷達,,,,國道三號南向112.2公里,超速,24.714918,120.893754,北往南,110,國道公路警二隊,
92,雷達,,,,國道三號南向117.1公里,超速,24.691969,120.853314,北往南,110,國道公路警二隊,
93,雷達,,,,國道三號南向142.9公里,超速,24.507293,120.713148,北往南,110,國道公路警二隊,
94,雷達,,,,國道三號南向150.2公里,超速,24.453047,120.67839,北往南,110,國道公路警二隊,
95,雷達,,,,國道三號南向162.1公里,超速,24.350278,120.658717,北往南,110,國道公路警七隊,
96,雷達,,,,國道三號南向166公里,超速,24.330594,120.628545,北往南,110,國道公路警七隊,
97,雷達,,,,國道三號南向178.6公里,超速,24.229563,120.590926,北往南,110,國道公路警七隊,
98,雷達,,,,國道三號南向184.1公里,超速,24.190897,120.561881,北往南,110,國道公路警七隊,
99,雷達,,,,國道三號南向218.9公里,超速,23.59276,120.39066,北往南,110,國道公路警七隊,
100,雷達,,,,國道三號南向253.2公里,超速,23.774884,120.628718,北往南,110,國道公路警八隊,
101,雷達,,,,國道三號南向262.01公里,超速,23.43075,120.36124,北往南,110,國道公路警八隊,
102,雷達,,,,國道三號南向282.7公里,超速,23.570353,120.505462,北往南,110,國道公路警八隊,
103,雷達,,,,國道三號南向313.7公里,超速,23.333214,120.433591,北往南,110,國道公路警八隊,
104,雷達,,,,國道三號南向342.1公里,超速,23.110423,120.327289,北往南,110,國道公路警八隊,
105,雷達,,,,國道三號南向358.6公里,超速,22.970579,120.338467,北往南,110,國道公路警八隊,
106,雷達,,,,國道三號南向372.3公里,超速,22.862397,120.369234,北往南,110,國道公路警五隊,
107,雷達,,,,國道三號南向378.85公里,超速,22.8208444,120.4196601,北往南,110,國道公路警五隊,
108,雷達,,,,國道三號南向386公里,超速,22.769219,120.441592,北往南,110,國道公路警五隊,
109,雷達,,,,國道三號南向423.1公里,超速,22.508149,120.524813,北往南,110,國道公路警五隊,
110,雷達,,,,國道三號北向10.2公里,超速,25.078311,121.647484,南往北,90,國道公路警九隊,
111,雷達,,,,國道三號北向14.5公里,超速,25.046878,121.625791,南往北,90,國道公路警九隊,
112,雷達,,,,國道三號北向17.1公里,超速,25.029551,121.610569,南往北,90,國道公路警九隊,
113,雷達,,,,國道三號北向25公里,超速,24.976095,121.57083,南往北,90,國道公路警九隊,
114,雷達,,,,國道三號北向29.1公里,超速,24.958472,121.539182,南往北,90,國道公路警九隊,
115,雷達,,,,國道三號北向30.1公里,超速,24.962166,121.530685,南往北,90,國道公路警九隊,
116,雷達,,,,國道三號北向38.3公里,超速,24.977514,121.465516,南往北,100,國道公路警六隊,
117,雷達,,,,國道三號北向57公里,超速,24.924304,121.304277,南往北,110,國道公路警六隊,
118,雷達,,,,國道三號北向69.5公里,超速,24.857557,121.210519,南往北,110,國道公路警六隊,
119,雷達,,,,國道三號北向84.6公里,超速,24.791381,121.126079,南往北,110,國道公路警六隊,
120,雷達,,,,國道三號北向116.5公里,超速,24.69619,120.857787,南往北,110,國道公路警二隊,
121,雷達,,,,國道三號北向122.5公里,超速,24.6487779,120.8311787,南往北,40,國道公路警二隊,
122,雷達,,,,國道三號北向131.2公里,超速,24.591296,120.779072,南往北,110,國道公路警二隊,
123,雷達,,,,國道三號北向162.1公里,超速,24.350206,120.658836,南往北,110,國道公路警七隊,
124,雷達,,,,國道三號北向171公里,超速,24.293697,120.602092,南往北,110,國道公路警七隊,
125,雷達,,,,國道三號北向177.8公里,超速,24.236176,120.593715,南往北,110,國道公路警七隊,
126,雷達,,,,國道三號北向186.1公里,超速,24.178511,120.548761,南往北,110,國道公路警七隊,
127,雷達,,,,國道三號北向206.6公里,超速,24.071048,120.638644,南往北,110,國道公路警七隊,
128,雷達,,,,國道三號北向218公里,超速,23.999996,120.650424,南往北,110,國道公路警七隊,
129,雷達,,,,國道三號北向235.2公里,超速,23.869972,120.705085,南往北,110,國道公路警七隊,
130,雷達,,,,國道三號北向247.1公里,超速,23.777444,120.687927,南往北,110,國道公路警八隊,
131,雷達,,,,國道三號北向265.1公里,超速,23.692923,120.598801,南往北,110,國道公路警八隊,
132,雷達,,,,國道三號北向284.07公里,超速,23.33292,120.30184,南往北,110,國道公路警八隊,
133,雷達,,,,國道三號北向318.7公里,超速,23.298801,120.407292,南往北,110,國道公路警八隊,
134,雷達,,,,國道三號北向331公里,超速,23.201337,120.355492,南往北,110,國道公路警八隊,
135,雷達,,,,國道三號北向344.7公里,超速,23.083381,120.329218,南往北,110,國道公路警八隊,
136,雷達,,,,國道三號北向374.3公里,超速,22.84931,120.382939,南往北,110,國道公路警五隊,
137,雷達,,,,國道三號北向389.3公里,超速,22.758016,120.471478,南往北,110,國道公路警五隊,
138,雷達,,,,國道三號北向423.2公里,超速,22.507159,120.524929,南往北,110,國道公路警五隊,
139,雷達,,,,國道三號甲線西向1.7公里,超速,25.010769,121.563365,東往西,80,國道公路警九隊,
140,雷達,,,,國道三號甲線西向3.4公里,超速,25.005106,121.578561,東往西,80,國道公路警九隊,
141,雷達,,,,國道四號西向4.4公里,超速,24.305093,120.62779,東往西,100,國道公路警三隊,
142,雷達,,,,國道四號西向23.3公里,超速,24.230285,120.732593,東往西,100,國道公路警三隊,
143,雷達,,,,國道四號東向24.778公里,超速,24.220844,120.725269,西往東,100,國道公路警三隊,
144,雷達,,,,國道五號南向13.3公里,超速,24.949272,121.701534,北往南,80,國道公路警九隊,
145,雷達,,,,國道五號南向16.9公里,超速,24.925926,121.72434,北往南,90,國道公路警九隊,
146,雷達,,,,國道五號南向18.3公里,超速,24.916126,121.732855,北往南,90,國道公路警九隊,
147,雷達,,,,國道五號南向19.7公里,超速,24.907924,121.743366,北往南,90,國道公路警九隊,
148,雷達,,,,國道五號南向21.1公里,超速,24.899525,121.753732,北往南,90,國道公路警九隊,
149,雷達,,,,國道五號南向22.5公里,超速,24.88923,121.761764,北往南,90,國道公路警九隊,
150,雷達,,,,國道五號南向23.9公里,超速,24.87876,121.769417,北往南,90,國道公路警九隊,
151,雷達,,,,國道五號南向25.3公里,超速,24.869598,121.778895,北往南,90,國道公路警九隊,
152,雷達,,,,國道五號南向26.7公里,超速,24.860129,121.788058,北往南,90,國道公路警九隊,
153,雷達,,,,國道五號南向52.7公里,超速,24.63744,121.805564,北往南,90,國道公路警九隊,
154,雷達,,,,國道五號北向接國3南向南港系統公里,超速,25.03584,121.6219225.03584,南往北,40,國道公路警九隊,
155,雷達,,,,國道五號北向5.7公里,超速,24.994559,121.652551,南往北,80,國道公路警九隊,
156,雷達,,,,國道五號北向16.9公里,超速,24.926279,121.724806,南往北,90,國道公路警九隊,
157,雷達,,,,國道五號北向18.3公里,超速,24.916479,121.733311,南往北,90,國道公路警九隊,
158,雷達,,,,國道五號北向19.7公里,超速,24.908276,121.743818,南往北,90,國道公路警九隊,
159,雷達,,,,國道五號北向21.1公里,超速,24.89985,121.754179,南往北,90,國道公路警九隊,
160,雷達,,,,國道五號北向22.5公里,超速,24.889566,121.762216,南往北,90,國道公路警九隊,
161,雷達,,,,國道五號北向23.9公里,超速,24.879106,121.769874,南往北,90,國道公路警九隊,
162,雷達,,,,國道五號北向25.3公里,超速,24.869922,121.779332,南往北,90,國道公路警九隊,
163,雷達,,,,國道五號北向26.7公里,超速,24.860365,121.788341,南往北,90,國道公路警九隊,
164,雷達,,,,國道五號北向34.9公里,超速,24.791564,121.780956,南往北,90,國道公路警九隊,
165,雷達,,,,國道六號西向15.6公里,超速,23.996188,120.801365,東往西,100,國道公路警七隊,
166,雷達,,,,國道六號西向26公里,超速,23.981101,120.890991,東往西,100,國道公路警七隊,
167,雷達,,,,國道六號東向12.5公里,超速,23.985535,120.778725,西往東,100,國道公路警七隊,
168,雷達,,,,國道六號東向36.5公里,超速,23.982555,120.988139,西往東,100,國道公路警七隊,
169,雷達,,,,國道八號東向0公里,超速,23.080551,120.195444,西往東,80,國道公路警四隊,
170,雷達,,,,國道八號東向4.2公里,超速,23.089607,120.209621,西往東,80,國道公路警四隊,
171,雷達,,,,國道八號西向0公里,超速,23.080551,120.195444,東往西,80,國道公路警四隊,
172,雷達,,,,國道十號西向16.8公里,超速,22.770908,120.406753,東往西,100,國道公路警五隊,
173,雷達,,,,國道十號西向28.3公里,超速,22.825377,120.488103,東往西,100,國道公路警五隊,
174,雷達,,,,國道十號東向14.7公里,超速,22.760332,120.386905,西往東,100,國道公路警五隊,
175,雷達,,,,國道十號東向21.4公里,超速,22.795574,120.437507,西往東,100,國道公路警五隊,
176,雷達,,,,臺2己線北向1.1公里,超速,25.152981,121.732038,南往北,50,國道公路警九隊,
177,雷達,,,,國道三號彰化系統交流道南北向出口交會處（匝道5K+514）公里,超速,24.1056707,120.5538139,南北向,60,國道公路警七隊,
