CityName,RegionName,Address,DeptNm,BranchNm,Longitude,Latitude,direct,limit
宜蘭縣,宜蘭市,台9線78k中山路五段南下,宜蘭縣政府警察局,宜蘭分局,121.75933,24.778543,南北雙向,60
宜蘭縣,宜蘭市,中山路1段560號前北上,宜蘭縣政府警察局,宜蘭分局,121.76105,24.738028,南北雙向,60
宜蘭縣,宜蘭市,宜16線5.5K南津路東向,宜蘭縣政府警察局,宜蘭分局,121.76466,24.71843,東西雙向,50
宜蘭縣,宜蘭市,台9線79k+550m環市東路與192甲線路口北上,宜蘭縣政府警察局,宜蘭分局,121.770744,24.767035,南北雙向,70
宜蘭縣,宜蘭市,台9線80k+700m環市東路黎霧橋南端南下,宜蘭縣政府警察局,宜蘭分局,121.771355,24.756819,南北雙向,70
宜蘭縣,宜蘭市,台9線81k+595m環市東路北上,宜蘭縣政府警察局,宜蘭分局,121.77163,24.74875,南北雙向,70
宜蘭縣,宜蘭市,台7線123k+900m東港段西向,宜蘭縣政府警察局,宜蘭分局,121.77766,24.749315,東西雙向,60
宜蘭縣,羅東鎮,公正路324號東西雙向,宜蘭縣政府警察局,羅東分局,121.76142,24.68059,東西雙向,40
宜蘭縣,羅東鎮,台7丙線28k+98m中山路東向,宜蘭縣政府警察局,羅東分局,121.78949,24.672573,東西雙向,60
宜蘭縣,蘇澳鎮,台9線100k+224m新城段北上,宜蘭縣政府警察局,蘇澳分局,121.821266,24.615463,南北雙向,60
宜蘭縣,蘇澳鎮,台9線117k+772m新澳隧道北上,宜蘭縣政府警察局,蘇澳分局,121.83023,24.490236,北上方向,40
宜蘭縣,蘇澳鎮,台9線102k+200m聖湖段南下,宜蘭縣政府警察局,蘇澳分局,121.83417,24.60313,南北雙向,60
宜蘭縣,蘇澳鎮,台9線109k+240m東澳隧道南下,宜蘭縣政府警察局,蘇澳分局,121.84039,24.551931,南下方向,70
宜蘭縣,蘇澳鎮,台9線103k+562m南下,宜蘭縣政府警察局,蘇澳分局,121.84053,24.59536,南北雙向,50
宜蘭縣,蘇澳鎮,台2線164k+390m港邊段南下,宜蘭縣政府警察局,蘇澳分局,121.85278,24.611954,南北雙向,70
宜蘭縣,蘇澳鎮,台2線166k+259m蘇澳港段南下,宜蘭縣政府警察局,蘇澳分局,121.856255,24.598513,南北雙向,60
宜蘭縣,蘇澳鎮,台2戊線12k+215m移山路北上,宜蘭縣政府警察局,蘇澳分局,121.8595,24.590792,南北雙向,60
宜蘭縣,頭城鎮,台9線69k+20m北宜路一段南下,宜蘭縣政府警察局,礁溪分局,121.79265,24.84562,南北雙向,60
宜蘭縣,頭城鎮,台9線68.6K北宜路一段南下,宜蘭縣政府警察局,礁溪分局,121.79389,24.849024,南北雙向,40
宜蘭縣,頭城鎮,台9線68k+600m至56k+600m,宜蘭縣政府警察局,礁溪分局,121.79389,24.849024,南北雙向(區間測速),40
宜蘭縣,頭城鎮,宜3線3k+850m宜三路南下,宜蘭縣政府警察局,礁溪分局,121.79603,24.84921,南北雙向,50
宜蘭縣,頭城鎮,191甲線2k+50m中崙段南下,宜蘭縣政府警察局,礁溪分局,121.80138,24.828068,南北雙向,60
宜蘭縣,頭城鎮,台2線139k+738m竹安段南下,宜蘭縣政府警察局,礁溪分局,121.82069,24.824112,南北雙向,60
宜蘭縣,頭城鎮,台2線133k+769m港口段南下,宜蘭縣政府警察局,礁溪分局,121.83554,24.871765,南北雙向,60
宜蘭縣,頭城鎮,台2線131k+121m外澳段南下,宜蘭縣政府警察局,礁溪分局,121.85049,24.891298,南北雙向,50
宜蘭縣,頭城鎮,台2線129k+309m梗枋國小南下,宜蘭縣政府警察局,礁溪分局,121.86346,24.900974,南北雙向,50
宜蘭縣,頭城鎮,台2線128k+65m梗枋地磅站北上,宜蘭縣政府警察局,礁溪分局,121.87091,24.906073,南北雙向,60
宜蘭縣,頭城鎮,台2線123k+642m大溪段北上,宜蘭縣政府警察局,礁溪分局,121.89127,24.939224,南北雙向,50
宜蘭縣,頭城鎮,台2線118k+49m大里段南下,宜蘭縣政府警察局,礁溪分局,121.92609,24.970085,南北雙向,50
宜蘭縣,礁溪鄉,191線4K瑪僯段北上,宜蘭縣政府警察局,礁溪分局,121.78079,24.79072,南北雙向,60
宜蘭縣,礁溪鄉,份尾三路北上(份尾橋南側100公尺處),宜蘭縣政府警察局,礁溪分局,121.78401,24.8297,南北雙向,50
宜蘭縣,礁溪鄉,191甲線6k+600m玉田段北上,宜蘭縣政府警察局,礁溪分局,121.784225,24.789581,南北雙向,60
宜蘭縣,礁溪鄉,宜4線4k+280m大塭段東向,宜蘭縣政府警察局,礁溪分局,121.810684,24.818115,東西雙向,50
宜蘭縣,壯圍鄉,宜16線7k+500m新南段西向,宜蘭縣政府警察局,礁溪分局,121.783035,24.720304,東西雙向,50
宜蘭縣,壯圍鄉,宜9線3k+100m中央路三段南下,宜蘭縣政府警察局,礁溪分局,121.79351,24.761602,南北雙向,60
宜蘭縣,壯圍鄉,宜16線9k+500m美福段東向,宜蘭縣政府警察局,礁溪分局,121.80265,24.719269,東西雙向,50
宜蘭縣,壯圍鄉,宜20線1k+150m新南段西向,宜蘭縣政府警察局,礁溪分局,121.808556,24.727465,東西雙向,60
宜蘭縣,壯圍鄉,台2線147k+40m過嶺國小南下,宜蘭縣政府警察局,礁溪分局,121.81548,24.758747,南北雙向,60
宜蘭縣,壯圍鄉,台2線148k+400m後埤段北上,宜蘭縣政府警察局,礁溪分局,121.816315,24.746742,南北雙向,60
宜蘭縣,壯圍鄉,台2線142k+480m大福段北上,宜蘭縣政府警察局,礁溪分局,121.81658,24.79972,南北雙向,60
宜蘭縣,壯圍鄉,台2線150k+199m公館段南下,宜蘭縣政府警察局,礁溪分局,121.81915,24.73036,南北雙向,60
宜蘭縣,員山鄉,台7線113k+357m內城段東向,宜蘭縣政府警察局,宜蘭分局,121.700935,24.717842,東西雙向,60
宜蘭縣,員山鄉,宜18-2線9k深溝段西向,宜蘭縣政府警察局,宜蘭分局,121.709625,24.707457,東西雙向,60
宜蘭縣,員山鄉,台7線115k+865m八甲段西向,宜蘭縣政府警察局,宜蘭分局,121.71639,24.732752,東西雙向,60
宜蘭縣,員山鄉,宜61線900m深溝段南下,宜蘭縣政府警察局,宜蘭分局,121.717964,24.720016,南北雙向,60
宜蘭縣,員山鄉,宜61線1k+200m深溝段北上,宜蘭縣政府警察局,宜蘭分局,121.71865,24.71743,南北雙向,60
宜蘭縣,員山鄉,宜18-2線溪洲路346號東向,宜蘭縣政府警察局,宜蘭分局,121.738594,24.714243,東西雙向,50
宜蘭縣,員山鄉,宜18-2線溪洲路150號西向,宜蘭縣政府警察局,宜蘭分局,121.748116,24.719,東西雙向,50
宜蘭縣,冬山鄉,台9線94k+450m冬山段南下,宜蘭縣政府警察局,羅東分局,121.78557,24.645603,南北雙向,60
宜蘭縣,五結鄉,宜22線1k+500m二結段東向,宜蘭縣政府警察局,羅東分局,121.76619,24.710798,東西雙向,60
宜蘭縣,五結鄉,宜25線1K五結中路三段東向,宜蘭縣政府警察局,羅東分局,121.78074,24.703253,東西雙向,50
宜蘭縣,五結鄉,191線與宜24線路口南下,宜蘭縣政府警察局,羅東分局,121.791145,24.688986,南北雙向,60
宜蘭縣,五結鄉,191線與196線路口北上,宜蘭縣政府警察局,羅東分局,121.79258,24.683813,南北雙向,60
宜蘭縣,五結鄉,台7丙線29K+743M親河路西向,宜蘭縣政府警察局,羅東分局,121.80519,24.673485,東西雙向,60
宜蘭縣,五結鄉,宜22線6k錦草段西向,宜蘭縣政府警察局,羅東分局,121.81058,24.709387,東西雙向,60
宜蘭縣,五結鄉,台2線157k+200m利澤段北上,宜蘭縣政府警察局,羅東分局,121.82835,24.664686,南北雙向,60
宜蘭縣,三星鄉,196線3k+800m萬富段東向,宜蘭縣政府警察局,三星分局,121.67725,24.677273,東西雙向,60
宜蘭縣,三星鄉,台7丙線18k+342m大隱段東向,宜蘭縣政府警察局,三星分局,121.697624,24.667261,東西雙向,60
宜蘭縣,三星鄉,台7丙線19k+865m大隱段西向,宜蘭縣政府警察局,三星分局,121.71217,24.670204,東西雙向,60
宜蘭縣,三星鄉,196線7k+900m大埔段西向,宜蘭縣政府警察局,三星分局,121.71839,24.687069,東西雙向,60
宜蘭縣,三星鄉,宜61線3k+600m大洲段南下,宜蘭縣政府警察局,三星分局,121.72788,24.69807,南北雙向,60
宜蘭縣,三星鄉,宜61線3k+800m大洲段北上,宜蘭縣政府警察局,三星分局,121.72893,24.696066,南北雙向,60
宜蘭縣,三星鄉,196線11k大洲段東向,宜蘭縣政府警察局,三星分局,121.74223,24.700827,東西雙向,50
宜蘭縣,南澳鄉,台9線139k+667m谷風隧道北上,宜蘭縣政府警察局,蘇澳分局,121.7668,24.347893,北上方向,70
宜蘭縣,南澳鄉,台9線138k+677m谷風隧道南下,宜蘭縣政府警察局,蘇澳分局,121.771545,24.355694,南下方向,70
宜蘭縣,南澳鄉,台9線129k+404m至136k+883m(觀音隧道),宜蘭縣政府警察局,蘇澳分局,121.77481,24.433311,南北雙向(區間測速),70
宜蘭縣,南澳鄉,台9線137K+295m至141K+458m(谷風隧道),宜蘭縣政府警察局,蘇澳分局,121.77798,24.365217,南北雙向(區間測速),70
宜蘭縣,南澳鄉,台9線130k+347m觀音隧道北上,宜蘭縣政府警察局,蘇澳分局,121.780174,24.426088,北上方向,70
宜蘭縣,南澳鄉,台9線130k+492m觀音隧道南下,宜蘭縣政府警察局,蘇澳分局,121.78068,24.42525,南下方向,70
宜蘭縣,南澳鄉,台9線135K+910m觀音隧道南下,宜蘭縣政府警察局,蘇澳分局,121.78324,24.377888,南下方向,70
宜蘭縣,南澳鄉,台9線135K+841m觀音隧道北上,宜蘭縣政府警察局,蘇澳分局,121.7837,24.378277,北上方向,70
宜蘭縣,南澳鄉,台9線133k+289m觀音隧道南下,宜蘭縣政府警察局,蘇澳分局,121.78592,24.401218,南下方向,70
宜蘭縣,南澳鄉,台9線133k+174m觀音隧道北上,宜蘭縣政府警察局,蘇澳分局,121.78618,24.401888,北上方向,70
宜蘭縣,南澳鄉,台9線123k+570m南澳段北上,宜蘭縣政府警察局,蘇澳分局,121.80645,24.46758,南北雙向,50
宜蘭縣,南澳鄉,南澳鄉台9線110k+960m至蘇澳鎮台9線108k+224m(東澳隧道),宜蘭縣政府警察局,蘇澳分局,121.836655,24.536793,南北雙向(區間測速),70
宜蘭縣,南澳鄉,台9線110k+300m東澳隧道北上,宜蘭縣政府警察局,蘇澳分局,121.83988,24.547905,北上方向,70
新竹縣,竹北市,西濱路一段與西濱路二段265巷口(台61線),新竹縣政府警察局,竹北分局,120.95324,24.86839,北往南,70
新竹縣,竹北市,溪洲路與新溪街口,新竹縣政府警察局,竹北分局,120.98258,24.83195,南往北,50
新竹縣,竹北市,中華路與中華路1483巷口,新竹縣政府警察局,竹北分局,120.99416,24.85875,南北雙向,60
新竹縣,竹北市,中華路與興隆路口,新竹縣政府警察局,竹北分局,120.9974,24.82592,南北雙向,50
新竹縣,竹北市,中華路與鳳岡路口南下,新竹縣政府警察局,竹北分局,121.00192,24.85527,北往南,60
新竹縣,竹北市,中華路212號前(台1線70.1公里),新竹縣政府警察局,竹北分局,121.00229,24.83119,南北雙向,50
新竹縣,竹北市,中華路與鳳岡路口北上,新竹縣政府警察局,竹北分局,121.00296,24.85749,南往北,50
新竹縣,竹北市,竹北市興隆路與莊敬南路口(新竹地方法院前),新竹縣政府警察局,竹北分局,121.01766,24.81264,東西雙向,50
新竹縣,竹北市,自強南路與文興路口,新竹縣政府警察局,竹北分局,121.02348,24.81359,南北雙向,50
新竹縣,竹北市,竹北市自強北路與十興路口,新竹縣政府警察局,竹北分局,121.0333,24.82608,南北雙向,50
新竹縣,竹北市,竹北市光明六路東二段與嘉豐南路一段口,新竹縣政府警察局,竹北分局,121.03502,24.81272,西往東,50
新竹縣,竹北市,東興路二段198號前,新竹縣政府警察局,竹北分局,121.05292,24.7996,東西雙向,60
新竹縣,竹北市,東興路二段316號前(120線7.1公里),新竹縣政府警察局,竹北分局,121.05449,24.7978,東西雙向,60
新竹縣,竹東鎮,公道路616號前,新竹縣政府警察局,竹東分局,121.03028,24.78785,東往西,50
新竹縣,竹東鎮,台68線12公里處,新竹縣政府警察局,竹東分局,121.0357,24.79509,東往西,90
新竹縣,竹東鎮,台68線12.3公里處,新竹縣政府警察局,竹東分局,121.03848,24.7936,西往東,90
新竹縣,竹東鎮,中興路一段與中興路一段229巷口,新竹縣政府警察局,,121.07032,24.75611,東西雙向,50
新竹縣,竹東鎮,中興路一段94-2號,新竹縣政府警察局,竹東分局,121.0755,24.7525,北往南,50
新竹縣,竹東鎮,中豐路三段老爺山莊路口,新竹縣政府警察局,竹東分局,121.07848,24.72385,南往北,50
新竹縣,竹東鎮,台68線竹東匝道口與北興路三段,新竹縣政府警察局,竹東分局,121.08011,24.74986,北往南,50
新竹縣,竹東鎮,中豐路與台68線路口,新竹縣政府警察局,竹東分局,121.10155,24.72303,東西雙向,50
新竹縣,新埔鎮,褒忠路與文山路犁頭山段口,新竹縣政府警察局,新埔分局,121.0363,24.83044,南北雙向,40
新竹縣,新埔鎮,文山路亞東段1008號,新竹縣政府警察局,新埔分局,121.05023,24.826906,東西雙向,50
新竹縣,新埔鎮,文山路亞東段369號,新竹縣政府警察局,新埔分局,121.05772,24.82536,東往西,50
新竹縣,新埔鎮,楊新路楊新路一段322號,新竹縣政府警察局,新埔分局,121.08766,24.83135,東往西,50
新竹縣,新埔鎮,新關路五埔段與1046巷口,新竹縣政府警察局,新埔分局,121.09389,24.822088,西往東,60
新竹縣,關西鎮,石岡子路736號,新竹縣政府警察局,新埔分局,121.11576,24.81598,東往西,60
新竹縣,關西鎮,大同茅仔埔5鄰35號,新竹縣政府警察局,新埔分局,121.14964,24.80531,東往西,50
新竹縣,關西鎮,台3線62.1公里,新竹縣政府警察局,新埔分局,121.17272,24.76347,南往北,50
新竹縣,關西鎮,中豐公路與十六張路口,新竹縣政府警察局,新埔分局,121.17615,24.77501,南北雙向,50
新竹縣,關西鎮,中豐公路與中山東路口,新竹縣政府警察局,新埔分局,121.18603,24.78851,南北雙向,60
新竹縣,關西鎮,中豐公路牛欄河6鄰63號,新竹縣政府警察局,新埔分局,121.19964,24.81258,南北雙向,60
新竹縣,湖口鄉,新興路與中華路口,新竹縣政府警察局,新湖分局,121.0071,24.87972,南北雙向,60
新竹縣,湖口鄉,成功路與三元路路口,新竹縣政府警察局,新湖分局,121.02174,24.889975,南北雙向,60
新竹縣,湖口鄉,八德路一段35號前(台1線61公里),新竹縣政府警察局,新湖分局,121.02363,24.88507,南北雙向,60
新竹縣,湖口鄉,八德路一段與中山路一段口,新竹縣政府警察局,新湖分局,121.03597,24.88042,南北雙向,60
新竹縣,湖口鄉,中山路一段與忠義路口,新竹縣政府警察局,新湖分局,121.03979,24.88783,南北雙向,50
新竹縣,湖口鄉,中山路一段與達生路口,新竹縣政府警察局,新湖分局,121.04233,24.89645,南北雙向,50
新竹縣,湖口鄉,八德路二段579號前,新竹縣政府警察局,新湖分局,121.08199,24.88637,南北雙向,60
新竹縣,新豐鄉,台15線鳳鼻隧道,新竹縣政府警察局,新湖分局,120.95467,24.87992,南北雙向(區間測速),60
新竹縣,新豐鄉,台61線60.1公里處,新竹縣政府警察局,新湖分局,120.96891,24.8989,南北雙向,90
新竹縣,新豐鄉,台15線64.4公里處,新竹縣政府警察局,新湖分局,120.98484,24.91873,南北雙向,60
新竹縣,新豐鄉,台15線62.8公里處,新竹縣政府警察局,新湖分局,120.99114,24.9264,南北雙向,60
新竹縣,新豐鄉,濱海公路埔和村189號之1,新竹縣政府警察局,新湖分局,120.9964,24.93193,南北雙向,60
新竹縣,芎林鄉,富林路三段與光明路口,新竹縣政府警察局,橫山分局,121.06951,24.78052,東西雙向,60
新竹縣,芎林鄉,文德路6號,新竹縣政府警察局,橫山分局,121.07385,24.77466,南北雙向,60
新竹縣,芎林鄉,文德路259號,新竹縣政府警察局,橫山分局,121.07964,24.7843,北往南,50
新竹縣,芎林鄉,竹120線11.5公里竹林交流道北上匝道口,新竹縣政府警察局,橫山分局,121.08224,24.76567,東往西,60
新竹縣,芎林鄉,富林路一段518號,新竹縣政府警察局,橫山分局,121.10885,24.74125,南北雙向,60
新竹縣,橫山鄉,中豐路一段與站前街口,新竹縣政府警察局,橫山分局,121.11664,24.72037,東西雙向,60
新竹縣,橫山鄉,中豐路與中豐路二段12巷口,新竹縣政府警察局,橫山分局,121.12524,24.72474,南北雙向,60
新竹縣,橫山鄉,中豐路三段139號,新竹縣政府警察局,橫山分局,121.16245,24.7405,北往南,50
新竹縣,寶山鄉,竹47-1線4.1公里,新竹縣政府警察局,竹東分局,120.95915,24.74368,北往南,50
新竹縣,寶山鄉,雙園路二段與雙園二街口,新竹縣政府警察局,竹東分局,120.99763,24.76755,北往南,50
新竹縣,寶山鄉,三峰路二段8號,新竹縣政府警察局,竹東分局,121.00037,24.74614,南往北,40
新竹縣,寶山鄉,寶山路二段竹83線0.8公里,新竹縣政府警察局,竹東分局,121.01968,24.75126,北往南,40
新竹縣,寶山鄉,寶山路一段228號,新竹縣政府警察局,竹東分局,121.03269,24.72859,南往北,40
新竹縣,峨眉鄉,台3線91.2公里,新竹縣政府警察局,竹東分局,120.9788,24.69473,西往東,60
新竹縣,峨眉鄉,台3線89.6公里,新竹縣政府警察局,竹東分局,120.99114,24.69997,南往北,60
新竹縣,峨眉鄉,台3線89.4公里,新竹縣政府警察局,竹東分局,120.99424,24.70087,北往南,60
新竹縣,峨眉鄉,中豐公路中興中盛村路口,新竹縣政府警察局,竹東分局,121.03163,24.69168,北往南,60
新竹縣,峨眉鄉,台3線82.2公里至84.3公里,新竹縣政府警察局,竹東分局,121.04712,24.70351,南北雙向(區間測速),60
